Tool,Error,TestCase
CryptoGuard,Found broken hash functions,BrokenHashABMCCase2
CryptoGuard,Found broken hash functions,BrokenHashABICase6
CryptoGuard,Found broken hash functions,BrokenHashABPSCase2
CryptoGuard,Found broken hash functions,BrokenHashABICase10
CryptoGuard,Found broken hash functions,BrokenHashABICase1
CryptoGuard,Found broken hash functions,BrokenHashABSCase2
CryptoGuard,Found broken hash functions,BrokenHashABICase3
CryptoGuard,Found broken hash functions,BrokenHashABICase5
CryptoGuard,Found broken hash functions,BrokenHashBBCase2
CryptoGuard,Found broken hash functions,BrokenHashABICase7
CryptoGuard,Found broken hash functions,BrokenHashBBCase4
CryptoGuard,Found broken hash functions,BrokenHashABICase11
CryptoGuard,Found broken hash functions,BrokenHashBBCase3
CryptoGuard,Found broken hash functions,BrokenHashABSCase4
CryptoGuard,Found broken hash functions,BrokenHashABSCase3
CryptoGuard,Found broken hash functions,BrokenHashABICase12
CryptoGuard,Found broken hash functions,BrokenHashABICase8
CryptoGuard,Found broken hash functions,BrokenHashABICase9
CryptoGuard,Found broken hash functions,BrokenHashABPSCase1
CryptoGuard,Found broken hash functions,BrokenHashABMCCase1
CryptoGuard,Found broken hash functions,BrokenHashABICase2
CryptoGuard,Found broken hash functions,BrokenHashABMCCase3
CryptoGuard,Found broken hash functions,BrokenHashABSCase1
CryptoGuard,Found broken hash functions,BrokenHashABPSCase4
CryptoGuard,Found broken hash functions,BrokenHashBBCase1
CryptoGuard,Found broken hash functions,BrokenHashABPSCase3
CryptoGuard,Found broken hash functions,BrokenHashABMCCase4
CryptoGuard,Found broken hash functions,BrokenHashABICase4
CrySL,Found broken hash functions,BrokenHashABSCase4
CrySL,Found broken hash functions,BrokenHashABSCase2
CrySL,Found broken hash functions,BrokenHashABSCase3
CrySL,Found broken hash functions,BrokenHashABICase10
CrySL,Found broken hash functions,BrokenHashABICase2
CrySL,Found broken hash functions,BrokenHashABMCCase3
CrySL,Found broken hash functions,BrokenHashBBCase4
CrySL,Found broken hash functions,BrokenHashBBCase2
CrySL,Found broken hash functions,BrokenHashABMCCase1
CrySL,Found broken hash functions,BrokenHashABPSCase3
CrySL,Found broken hash functions,BrokenHashABICase12
CrySL,Found broken hash functions,BrokenHashABPSCase1
CrySL,Found broken hash functions,BrokenHashABPSCase2
CrySL,Found broken hash functions,BrokenHashABMCCase2
CrySL,Found broken hash functions,BrokenHashABICase9
CrySL,Found broken hash functions,BrokenHashBBCase1
CrySL,Found broken hash functions,BrokenHashABSCase1
CrySL,Found broken hash functions,BrokenHashABICase3
CrySL,Found broken hash functions,BrokenHashABICase1
CrySL,Found broken hash functions,BrokenHashABICase11
CrySL,Found broken hash functions,BrokenHashABMCCase4
CrySL,Found broken hash functions,BrokenHashBBCase3
CrySL,Found broken hash functions,BrokenHashABICase4
CrySL,Found broken hash functions,BrokenHashABPSCase4
SemGrep,Found broken hash functions,BrokenHashABPSCase1
SemGrep,Found broken hash functions,BrokenHashABPSCase2
SemGrep,Found broken hash functions,BrokenHashBBCase1
SemGrep,Found broken hash functions,BrokenHashBBCase2